Time,header.seq,header.stamp.secs,header.stamp.nsecs,header.frame_id,pose.position.x,pose.position.y,pose.position.z,pose.orientation.x,pose.orientation.y,pose.orientation.z,pose.orientation.w
1703081008.973274,975094,1703081008,973023600,optitrack_world,0.3179802534826032,0.08509225662771838,-0.26813136794031245,-0.4439602349671092,-0.41925389406560215,0.7918063608419562,0.0129679994214896
1703081008.983448,975095,1703081008,983205368,optitrack_world,0.3179783090433328,0.08506004265266713,-0.268138020160694,-0.4438011219663396,-0.41970612387006095,0.7916532826121239,0.013130645712837265
1703081008.9935572,975096,1703081008,993340007,optitrack_world,0.3179783090433328,0.08506004265266713,-0.268138020160694,-0.4438011219663396,-0.41970612387006095,0.7916532826121239,0.013130645712837265
1703081009.0037518,975097,1703081009,3528265,optitrack_world,0.31795412137494705,0.0851916462169963,-0.2681226498424295,-0.44404976510676925,-0.4190479404322245,0.7918614407546871,0.013194255342579304
1703081009.0139315,975098,1703081009,13712070,optitrack_world,0.31796641756392385,0.08507110142648636,-0.2681571742294571,-0.44402462861374087,-0.4195278869612877,0.7916236905828125,0.01305426191992141
1703081009.0241203,975099,1703081009,23900735,optitrack_world,0.31796641756392385,0.08507110142648636,-0.2681571742294571,-0.44402462861374087,-0.4195278869612877,0.7916236905828125,0.01305426191992141
1703081009.034314,975100,1703081009,34041941,optitrack_world,0.31796266862583383,0.08507283569418742,-0.2681567229967594,-0.4439540735113921,-0.41956439600253903,0.7916405597021972,0.013256034627978783
1703081009.0445476,975101,1703081009,44237949,optitrack_world,0.31796266862583383,0.08507283569418742,-0.2681567229967594,-0.4439540735113921,-0.41956439600253903,0.7916405597021972,0.013256034627978783
1703081009.0547369,975102,1703081009,54422343,optitrack_world,0.31797657098120435,0.08508348152457687,-0.26814328492462974,-0.4439071296998365,-0.4194138749082207,0.791750195288988,0.013041855541807696
1703081009.064907,975103,1703081009,64603296,optitrack_world,0.31796440507863466,0.08503285279534831,-0.26816073112344646,-0.4438353087858186,-0.419793849852386,0.7915892558303541,0.013030439557259105
1703081009.075032,975104,1703081009,74776458,optitrack_world,0.3179691247103087,0.0851238341326277,-0.26813511166206844,-0.44403541469162044,-0.41925471145756255,0.791761396013593,0.013112177656017016
1703081009.0852323,975105,1703081009,84997631,optitrack_world,0.31797475595904356,0.08509112121813012,-0.2681419368266357,-0.4438543272418479,-0.419370273849261,0.7918043510521162,0.012952963182968378
1703081009.095427,975106,1703081009,95162541,optitrack_world,0.3179553486364537,0.08514910604442338,-0.2681479825796499,-0.4441872099569041,-0.4192057764403358,0.7917010008802879,0.013181984482876318
1703081009.1055865,975107,1703081009,105338282,optitrack_world,0.3179806039720988,0.08508156819710366,-0.26812591126276186,-0.44376135130923644,-0.41964351038215125,0.7917089548805943,0.01311937651806823
1703081009.115805,975108,1703081009,115519112,optitrack_world,0.3179607034731246,0.08518285314653783,-0.26813051281727923,-0.4440255861327152,-0.41927890144947977,0.7917484042131054,0.013451620155843573
1703081009.1260517,975109,1703081009,125733873,optitrack_world,0.31796838087283674,0.08509465132951766,-0.26814839215162223,-0.4439222552526639,-0.41950623662528197,0.7916904174646455,0.013184521930535324
1703081009.136166,975110,1703081009,135917858,optitrack_world,0.3179730181200373,0.0851404137777048,-0.26812970084792215,-0.4439098511061034,-0.41936206284871175,0.7917723695981279,0.013267218065433916
1703081009.1463299,975111,1703081009,146111623,optitrack_world,0.3179700530034423,0.08511500619665865,-0.26813655280520254,-0.44391694868395715,-0.41940083052094496,0.7917497985356796,0.013150762266010977
1703081009.156511,975112,1703081009,156293165,optitrack_world,0.3179975126488273,0.08515055995049903,-0.26808685778723107,-0.4438433343378369,-0.419029005585101,0.7919902237816837,0.013010475643542832
1703081009.1667182,975113,1703081009,166480434,optitrack_world,0.3179750594837042,0.08512057920272133,-0.2681350908800378,-0.4440724893588165,-0.41908207633901384,0.7918332776190996,0.013034490440318413
1703081009.176904,975114,1703081009,176660589,optitrack_world,0.31790601633424814,0.08521011924563363,-0.2681838541790779,-0.44463970741007414,-0.41911658256725076,0.7914862179634796,0.013652383868745531
1703081009.187154,975115,1703081009,186846071,optitrack_world,0.31790601633424814,0.08521011924563363,-0.2681838541790779,-0.44463970741007414,-0.41911658256725076,0.7914862179634796,0.013652383868745531
1703081009.1972795,975116,1703081009,197050406,optitrack_world,0.3179041041145093,0.08521562715676603,-0.26818528469016856,-0.44459592463802317,-0.4191393472809351,0.7914964574712696,0.013785106695393174
1703081009.2075284,975117,1703081009,207238525,optitrack_world,0.31797363723414673,0.08513338267660542,-0.2681285201139242,-0.44405471242919453,-0.41914019008405934,0.7918118108049047,0.013075538060890556
1703081009.2177155,975118,1703081009,217422693,optitrack_world,0.31797363723414673,0.08513338267660542,-0.2681285201139242,-0.44405471242919453,-0.41914019008405934,0.7918118108049047,0.013075538060890556
1703081009.2279372,975119,1703081009,227605465,optitrack_world,0.3179701034831936,0.08512549842334764,-0.26814119864105346,-0.44407171819636493,-0.41928770738060517,0.7917229354168832,0.013149945723007673
1703081009.2380338,975120,1703081009,237784985,optitrack_world,0.3179701034831936,0.08512549842334764,-0.26814119864105346,-0.44407171819636493,-0.41928770738060517,0.7917229354168832,0.013149945723007673
1703081009.2483063,975121,1703081009,247966382,optitrack_world,0.317977508138784,0.08512590016064579,-0.26812569881955917,-0.44398735495524033,-0.41925199848364186,0.7917893988992549,0.0131353796320447
1703081009.258482,975122,1703081009,258149640,optitrack_world,0.3179753654986671,0.08515592673110402,-0.26811846360000213,-0.44391574840225995,-0.4192143560573375,0.7918475711985511,0.013249754067490602
1703081009.2686563,975123,1703081009,268360294,optitrack_world,0.3179753654986671,0.08515592673110402,-0.26811846360000213,-0.44391574840225995,-0.4192143560573375,0.7918475711985511,0.013249754067490602
1703081009.2788308,975124,1703081009,278540774,optitrack_world,0.3179821422788667,0.08512402243416126,-0.2680973070360361,-0.4438997777263023,-0.41899814883017755,0.7919755146197932,0.01297392978774884
1703081009.2890267,975125,1703081009,288723627,optitrack_world,0.3179821422788667,0.08512402243416126,-0.2680973070360361,-0.4438997777263023,-0.41899814883017755,0.7919755146197932,0.01297392978774884
1703081009.2991943,975126,1703081009,298912521,optitrack_world,0.31797476667016555,0.08511302769832202,-0.2681156596894468,-0.44384648520818015,-0.41923308105662915,0.7918813448877122,0.012955961366832552
1703081009.3093367,975127,1703081009,309098157,optitrack_world,0.3179093617307449,0.08517855300971473,-0.2681931268466812,-0.4444339224215135,-0.4195466958827334,0.7913711040489096,0.013814277082757148
1703081009.319509,975128,1703081009,319275445,optitrack_world,0.31795433177392407,0.08517573232879815,-0.2681275893258024,-0.44416364883271375,-0.4190143441438487,0.7918135940155032,0.013299052205399993
1703081009.3296494,975129,1703081009,329410169,optitrack_world,0.31797020646876695,0.08512263481105756,-0.26812818405756667,-0.44403867605255615,-0.41922501964718,0.791773864934633,0.013197873987430192
1703081009.3398771,975130,1703081009,339589269,optitrack_world,0.31795966692559874,0.08514627503740622,-0.26814972694490274,-0.4442029481142051,-0.4191267965630425,0.7917350827485676,0.013115945812998612
1703081009.3500392,975131,1703081009,349724900,optitrack_world,0.31795966692559874,0.08514627503740622,-0.26814972694490274,-0.4442029481142051,-0.4191267965630425,0.7917350827485676,0.013115945812998612
1703081009.3600984,975132,1703081009,359842835,optitrack_world,0.31799443629825874,0.08519652032431682,-0.2680769568464907,-0.44373473226998983,-0.41900827876344265,0.7920594550766593,0.013166978721148108
1703081009.370199,975133,1703081009,369935846,optitrack_world,0.3179659925888562,0.08515371452465624,-0.2681238003341483,-0.4440875569047859,-0.4190620594439194,0.7918322076108351,0.013228269996899548
1703081009.3803012,975134,1703081009,380027439,optitrack_world,0.31796867682032165,0.08521091100336563,-0.26809665105303987,-0.44411599759893833,-0.41869815096708596,0.7920061661137648,0.013381774591540434
1703081009.3903759,975135,1703081009,390129582,optitrack_world,0.3179918065320313,0.08510085968334816,-0.26813101901825803,-0.44391210979235307,-0.4193857969790615,0.7917601210544902,0.013172045388566755
1703081009.4005053,975136,1703081009,400227165,optitrack_world,0.3179744623850843,0.08512815625751122,-0.26812944017203044,-0.44402009265656767,-0.419132974062117,0.7918370290118922,0.012954800527888827
1703081009.4106448,975137,1703081009,410321470,optitrack_world,0.317948363557953,0.08509495552997572,-0.2681764900889905,-0.44412085052917055,-0.41949605295989884,0.7915868532250647,0.01303784788803467
1703081009.4206376,975138,1703081009,420461775,optitrack_world,0.3179667443051577,0.08518304577462096,-0.2681105498799311,-0.44394149897816576,-0.4192527318003642,0.7918087944244885,0.013487973716956694
1703081009.430853,975139,1703081009,430557107,optitrack_world,0.3179787257160366,0.08512412363083384,-0.26810774629145534,-0.4439810072397606,-0.4189791828892398,0.7919404715767726,0.01294600303536948
1703081009.4410512,975140,1703081009,440729620,optitrack_world,0.3179787257160366,0.08512412363083384,-0.26810774629145534,-0.4439810072397606,-0.4189791828892398,0.7919404715767726,0.01294600303536948
1703081009.4512115,975141,1703081009,450919088,optitrack_world,0.31790008350062837,0.08531733756666007,-0.26815446482583266,-0.4447302530773771,-0.4187450210215706,0.7916254775127277,0.014025431192027909
1703081009.4613137,975142,1703081009,461108698,optitrack_world,0.31796270156738254,0.08511779207728654,-0.2681657751729211,-0.4440539858050629,-0.4195045458036787,0.791616881811559,0.013217646221264607
1703081009.4714396,975143,1703081009,471248310,optitrack_world,0.31796270156738254,0.08511779207728654,-0.2681657751729211,-0.4440539858050629,-0.4195045458036787,0.791616881811559,0.013217646221264607
1703081009.481669,975144,1703081009,481436375,optitrack_world,0.3179571193212862,0.08513748688677814,-0.2681467851540379,-0.4440310133149757,-0.41948212016191566,0.7916386075446972,0.013398698579821674
1703081009.4918222,975145,1703081009,491580897,optitrack_world,0.3179571193212862,0.08513748688677814,-0.2681467851540379,-0.4440310133149757,-0.41948212016191566,0.7916386075446972,0.013398698579821674
1703081009.5020335,975146,1703081009,501773809,optitrack_world,0.3179776626134886,0.08516619100570014,-0.26808624158115935,-0.4438756922487862,-0.4189963919768672,0.7919871902101869,0.013140924016269213
1703081009.512229,975147,1703081009,511965982,optitrack_world,0.3179715858097574,0.08505557943871234,-0.2681543065516456,-0.44399722033257205,-0.4194951696126967,0.791657537224801,0.012985174766903806
1703081009.522363,975148,1703081009,522110141,optitrack_world,0.3179715858097574,0.08505557943871234,-0.2681543065516456,-0.44399722033257205,-0.4194951696126967,0.791657537224801,0.012985174766903806
1703081009.5326204,975149,1703081009,532297674,optitrack_world,0.3179162226507254,0.08517591390506725,-0.26818389757880595,-0.44438354331903385,-0.4195009397456455,0.7914254206248117,0.013712460340166856
1703081009.5427816,975150,1703081009,542480005,optitrack_world,0.3179162226507254,0.08517591390506725,-0.26818389757880595,-0.44438354331903385,-0.4195009397456455,0.7914254206248117,0.013712460340166856
1703081009.5528936,975151,1703081009,552618754,optitrack_world,0.31795927943994806,0.08516456727127152,-0.2681057431816616,-0.4438544069747559,-0.4192979979210197,0.7918374861953228,0.013260837242965725
1703081009.5630708,975152,1703081009,562808467,optitrack_world,0.31796961783198535,0.08511378479151335,-0.26813717378764734,-0.4439636905906208,-0.4192966666935396,0.7917794293903782,0.013110374940837994
1703081009.573171,975153,1703081009,572961769,optitrack_world,0.31796961783198535,0.08511378479151335,-0.26813717378764734,-0.4439636905906208,-0.4192966666935396,0.7917794293903782,0.013110374940837994
1703081009.5834312,975154,1703081009,583142938,optitrack_world,0.31796626506294257,0.08511284613128349,-0.26814116282601286,-0.4439373478790573,-0.4195331798872859,0.7916651532457812,0.013335189091438144
1703081009.5935733,975155,1703081009,593276114,optitrack_world,0.3179728489949277,0.08510928153087308,-0.26813753578239924,-0.44389707582778404,-0.4195838202960781,0.7916620561520622,0.013266222762336483
1703081009.603798,975156,1703081009,603459105,optitrack_world,0.3179665862555398,0.08514357396335648,-0.2681183237553459,-0.44389631673812235,-0.41934523162519727,0.7917876504537326,0.01333991336164108
1703081009.6139305,975157,1703081009,613596524,optitrack_world,0.3179683467367152,0.08503588666992346,-0.2681728916326912,-0.4439359047737923,-0.4197098710404958,0.7915779338810818,0.012996584028210866
1703081009.6241307,975158,1703081009,623788622,optitrack_world,0.3179771867400841,0.08514449570042545,-0.2681052385983214,-0.44385931554529967,-0.41922998577955184,0.7918732147106939,0.013112545545629165
1703081009.6342137,975159,1703081009,633926545,optitrack_world,0.3179250106127373,0.08514176930127414,-0.26818141046017346,-0.44437997352761455,-0.41947622609620955,0.7914429064267017,0.01357426736636549
1703081009.6444423,975160,1703081009,644106489,optitrack_world,0.31791864002565406,0.08520529551596878,-0.26815849810724623,-0.4443552819983777,-0.4193988387371794,0.7914921915523176,0.013896335407471126
1703081009.6545765,975161,1703081009,654289821,optitrack_world,0.3179594440148394,0.08511478434731456,-0.26814665576966745,-0.444080218845178,-0.4193659381795685,0.7916748880362394,0.013260496898567791
1703081009.664813,975162,1703081009,664475940,optitrack_world,0.3179030098010607,0.08522480015034836,-0.26820215862832586,-0.444616137294522,-0.41930939914416837,0.7913921046689536,0.013951878522235896
1703081009.6749902,975163,1703081009,674655681,optitrack_world,0.3179860207184563,0.08510991285882966,-0.2681204928227412,-0.4438879008788221,-0.41912936680985957,0.7919142247592931,0.012882777450809228
1703081009.6851401,975164,1703081009,684786850,optitrack_world,0.317959361171646,0.08509531235028739,-0.2681454802311727,-0.443977284547799,-0.41940324388516687,0.791714148374888,0.013183212324313206
1703081009.6953037,975165,1703081009,694976010,optitrack_world,0.317959361171646,0.08509531235028739,-0.2681454802311727,-0.443977284547799,-0.41940324388516687,0.791714148374888,0.013183212324313206
1703081009.7053998,975166,1703081009,705115462,optitrack_world,0.31796488694353353,0.08513799060305283,-0.2681251223821316,-0.4439574230591319,-0.41930969697844644,0.7917735864141302,0.013257917915130105
1703081009.7156332,975167,1703081009,715300482,optitrack_world,0.31795323897667227,0.08516073087825578,-0.26813338441394285,-0.44409833498652357,-0.41917136818829165,0.7917665201306309,0.013334562369433518
1703081009.7257662,975168,1703081009,725438977,optitrack_world,0.3179717965609618,0.08509281105699781,-0.2681333844298178,-0.443867264025066,-0.41940592314437114,0.7917753447927663,0.01312733547282903
1703081009.735862,975169,1703081009,735578430,optitrack_world,0.3179754215868903,0.08515705720999422,-0.26810618325473545,-0.44387532332013463,-0.41930185355959126,0.7918227222549169,0.013320265378355334
1703081009.746001,975170,1703081009,745759979,optitrack_world,0.3179754215868903,0.08515705720999422,-0.26810618325473545,-0.44387532332013463,-0.41930185355959126,0.7918227222549169,0.013320265378355334
1703081009.756204,975171,1703081009,755915992,optitrack_world,0.31790945914788055,0.08528741229294903,-0.2681485699188064,-0.4445577587998582,-0.4190701349288372,0.7915478149374965,0.014166078118085138
1703081009.766324,975172,1703081009,766045645,optitrack_world,0.31797110373397586,0.08508389071258504,-0.26813986242200577,-0.4438514858791994,-0.4196831253036531,0.7916345602787687,0.013291192212348774
1703081009.7763507,975173,1703081009,776179324,optitrack_world,0.31797371817574355,0.08501448846874318,-0.26818050787891584,-0.4439026183434887,-0.41971081586969355,0.7916006404044192,0.012717019348281296
1703081009.78656,975174,1703081009,786312737,optitrack_world,0.31797371817574355,0.08501448846874318,-0.26818050787891584,-0.4439026183434887,-0.41971081586969355,0.7916006404044192,0.012717019348281296
1703081009.7966847,975175,1703081009,796457565,optitrack_world,0.31797430495150214,0.08513450173170706,-0.26812410427889344,-0.4438536526488282,-0.41941384123311876,0.7917760901857819,0.01328863508755779
1703081009.8067667,975176,1703081009,806590437,optitrack_world,0.3179700115710144,0.085116368872505,-0.2681276758564779,-0.44391064509105815,-0.41931752369426323,0.7917973510846872,0.013157063237065501
1703081009.8169503,975177,1703081009,816724000,optitrack_world,0.3179579868504278,0.08511837463098114,-0.26814820499468284,-0.4440310582580129,-0.4195235041082522,0.7916157721810503,0.013450577578740524
1703081009.8271213,975178,1703081009,826851864,optitrack_world,0.3179716932715902,0.08512083920383648,-0.26813017436553943,-0.4439049710223578,-0.4195242951964828,0.7916883093614738,0.013317779916543813
1703081009.8372116,975179,1703081009,836983212,optitrack_world,0.3179531443225333,0.08513915959321455,-0.2681506547972764,-0.4440535713471998,-0.4195224118427758,0.7916034621502074,0.013465899421239673
1703081009.8475077,975180,1703081009,847174395,optitrack_world,0.3179188373485044,0.08520104995316274,-0.2681890659791254,-0.44448048702473125,-0.4193606627454052,0.7914450902224025,0.013725901021258568
1703081009.8575788,975181,1703081009,857309080,optitrack_world,0.3179861087020386,0.08510015390359324,-0.2681108336336336,-0.4437791013435704,-0.4193627964742846,0.7918476369692186,0.013125317909506995
1703081009.8677416,975182,1703081009,867492941,optitrack_world,0.3179737612756665,0.08516805448154684,-0.2681171157073601,-0.4439866811756434,-0.41916942443353306,0.7918304438804991,0.013317984183422562
1703081009.8778398,975183,1703081009,877619887,optitrack_world,0.31798182374513345,0.08508557739594828,-0.268127933979304,-0.4438956993543694,-0.4193580832344001,0.791787374687125,0.012967629187153138
1703081009.8880858,975184,1703081009,887809397,optitrack_world,0.31795403768854896,0.08501499207233854,-0.2681781171918817,-0.44392224034665373,-0.4198623137684084,0.791506269699332,0.012903760277326558
1703081009.8982685,975185,1703081009,897939478,optitrack_world,0.31797968102770235,0.08507536048870176,-0.2681258803895152,-0.4437803112406375,-0.4195774411195294,0.7917340744289835,0.013075230278331169
1703081009.9084394,975186,1703081009,908127368,optitrack_world,0.31790849047113445,0.08519599534823533,-0.2682118956959235,-0.4446189871476905,-0.41944537496912637,0.7913203350755836,0.013844167748063643
1703081009.9186559,975187,1703081009,918338100,optitrack_world,0.3179627780582661,0.08511533352237638,-0.2681453473755838,-0.4439136743911086,-0.41937928489739285,0.7917647892481335,0.013045443434205996
1703081009.9286993,975188,1703081009,928480099,optitrack_world,0.31790988882141746,0.08521584079029017,-0.2681848876471617,-0.44455264944415235,-0.4191964043143812,0.7914921939444428,0.01369026687435464
1703081009.9389038,975189,1703081009,938618888,optitrack_world,0.31790988882141746,0.08521584079029017,-0.2681848876471617,-0.44455264944415235,-0.4191964043143812,0.7914921939444428,0.01369026687435464
1703081009.9491348,975190,1703081009,948813982,optitrack_world,0.31798043523224995,0.08505425087246744,-0.2681635877864708,-0.4440201844553283,-0.41948865093179405,0.7916491371851337,0.0129225047770568
1703081009.9592922,975191,1703081009,959016889,optitrack_world,0.31798788286268065,0.0850054267709726,-0.26815976487613763,-0.44387567440577236,-0.4195291750742956,0.7917132231865548,0.012642355945713089
1703081009.969362,975192,1703081009,969154866,optitrack_world,0.31798788286268065,0.0850054267709726,-0.26815976487613763,-0.44387567440577236,-0.4195291750742956,0.7917132231865548,0.012642355945713089
1703081009.9796176,975193,1703081009,979336521,optitrack_world,0.3179590099932789,0.08515380651690685,-0.26813620221165535,-0.44414150228052934,-0.41914516861973616,0.7917574791463408,0.013256990252670938
1703081009.9898176,975194,1703081009,989475727,optitrack_world,0.3179590099932789,0.08515380651690685,-0.26813620221165535,-0.44414150228052934,-0.41914516861973616,0.7917574791463408,0.013256990252670938
1703081009.9999936,975195,1703081009,999656398,optitrack_world,0.31797621882816995,0.08517699467507832,-0.2680919532854786,-0.4438472212121926,-0.4189750633726193,0.7920148747365826,0.013114064591885013
1703081010.0101826,975196,1703081010,9852400,optitrack_world,0.3179580225053817,0.08508421902734098,-0.26815869325753283,-0.4440783382540074,-0.4192961635999908,0.7917194274636572,0.012864869237889983
1703081010.0203345,975197,1703081010,20038895,optitrack_world,0.3179580225053817,0.08508421902734098,-0.26815869325753283,-0.4440783382540074,-0.4192961635999908,0.7917194274636572,0.012864869237889983
1703081010.030518,975198,1703081010,30177850,optitrack_world,0.31796325912927326,0.0851140416656809,-0.26813745103395237,-0.44393238365427423,-0.4194984329839433,0.7916872737523578,0.0132802125589035
1703081010.0407064,975199,1703081010,40382534,optitrack_world,0.31796325912927326,0.0851140416656809,-0.26813745103395237,-0.44393238365427423,-0.4194984329839433,0.7916872737523578,0.0132802125589035
1703081010.0508685,975200,1703081010,50572750,optitrack_world,0.31792160531538033,0.08519462719664174,-0.26817171556880576,-0.4445072555471181,-0.41914033715259924,0.7915490027221657,0.01359609602494251
1703081010.061115,975201,1703081010,60764618,optitrack_world,0.3179736554457113,0.08512221322393013,-0.26812279897350255,-0.4440122684843804,-0.4191902836877912,0.7918086522129413,0.013102281397876041
1703081010.0712988,975202,1703081010,70966257,optitrack_world,0.3179695299176659,0.08515159948250098,-0.2681183584246654,-0.4440742136570677,-0.4189750783708569,0.7918870516690302,0.013148150741530192
1703081010.0814276,975203,1703081010,81153841,optitrack_world,0.3179217683109173,0.08520633284093818,-0.26817009403040337,-0.44454223151246425,-0.41903570204376833,0.7915832360916564,0.013684485860480662
1703081010.0916145,975204,1703081010,91294062,optitrack_world,0.3179598942658485,0.08521051591349033,-0.2681062341008036,-0.4439668038025467,-0.4191226360394303,0.791865416887948,0.013373653860734074
1703081010.1018126,975205,1703081010,101478941,optitrack_world,0.3179518262414409,0.08518148139385122,-0.26813533537751477,-0.4440557424406699,-0.41928187953424584,0.7917291408001271,0.01349706292451235
1703081010.111932,975206,1703081010,111669119,optitrack_world,0.31790896253332285,0.08520408132564475,-0.2681907512310882,-0.4446161064115506,-0.41920968873090914,0.7914485139111027,0.013747895165233948
1703081010.1220908,975207,1703081010,121824578,optitrack_world,0.3179734313152607,0.08519586334649956,-0.2681057151162547,-0.4440598917495247,-0.41891359236661996,0.7919255482271648,0.013271802251323685
1703081010.132336,975208,1703081010,132022770,optitrack_world,0.31797786153807767,0.0851132572068715,-0.26811022856344935,-0.4438619218295168,-0.4192211701421965,0.7918768886669253,0.013084267255208528
1703081010.1424515,975209,1703081010,142207519,optitrack_world,0.3179875699185022,0.08520034059770443,-0.268084459846279,-0.4439395408270137,-0.4187066657701856,0.7921071007625305,0.012990498508235629
1703081010.1525888,975210,1703081010,152345201,optitrack_world,0.3179658187596132,0.08513263666415045,-0.2681313829692061,-0.4439841917806515,-0.41921317324504104,0.791811886476153,0.013125900417890184
1703081010.162727,975211,1703081010,162530011,optitrack_world,0.3179615814572776,0.08517262798407238,-0.2681322997276962,-0.4441640296638312,-0.4189256381975654,0.791863594599287,0.013102364742516871
1703081010.1729572,975212,1703081010,172662906,optitrack_world,0.3179651761246004,0.08512284122048869,-0.2681457333165148,-0.4440142288471124,-0.4194002418204106,0.7916944841690361,0.01321535011299482
1703081010.1831803,975213,1703081010,182846122,optitrack_world,0.31797915085777734,0.08511204040621817,-0.2681268762586497,-0.4438495734852761,-0.41945925646559956,0.7917564472068271,0.013161177329086475
1703081010.1932714,975214,1703081010,192991513,optitrack_world,0.31797915085777734,0.08511204040621817,-0.2681268762586497,-0.4438495734852761,-0.41945925646559956,0.7917564472068271,0.013161177329086475
1703081010.2034235,975215,1703081010,203132544,optitrack_world,0.31795719203389095,0.08515285173999614,-0.2681443185500913,-0.4441922991944317,-0.41926541294405695,0.7916632618855152,0.013378887322955644
1703081010.2136111,975216,1703081010,213315493,optitrack_world,0.3179761772767775,0.08511484542399188,-0.26813660166017356,-0.44406836143307366,-0.4191926179749934,0.7917759027102934,0.013105697109137192
1703081010.2237878,975217,1703081010,223455045,optitrack_world,0.3179768355655821,0.08511673019797947,-0.2681250029960475,-0.4439614779566408,-0.41926967108919994,0.7917960986272279,0.01304174811942863
1703081010.233878,975218,1703081010,233593073,optitrack_world,0.317959803216594,0.0851231447692989,-0.2681434365936981,-0.4439810091227081,-0.4195324472684472,0.7916405275283271,0.013366540390140461
1703081010.244084,975219,1703081010,243781528,optitrack_world,0.317959803216594,0.0851231447692989,-0.2681434365936981,-0.4439810091227081,-0.4195324472684472,0.7916405275283271,0.013366540390140461
1703081010.254179,975220,1703081010,253919162,optitrack_world,0.3179652669574273,0.08511407874227149,-0.2681435184375987,-0.443963272620643,-0.41940538064938193,0.7917209684902222,0.013177530088004253
1703081010.2644775,975221,1703081010,264102557,optitrack_world,0.317973897642337,0.08513640354657956,-0.26811610751343473,-0.4438728867327388,-0.4193201870345287,0.7918166523370419,0.013184470055075797
1703081010.274578,975222,1703081010,274287492,optitrack_world,0.317973897642337,0.08513640354657956,-0.26811610751343473,-0.4438728867327388,-0.4193201870345287,0.7918166523370419,0.013184470055075797
1703081010.2848003,975223,1703081010,284467948,optitrack_world,0.3179696363283638,0.08514840366321498,-0.2681057801030205,-0.44402210355804317,-0.41894963982060324,0.7919301235605637,0.013124414022254078
1703081010.2949605,975224,1703081010,294655904,optitrack_world,0.3179696363283638,0.08514840366321498,-0.2681057801030205,-0.44402210355804317,-0.41894963982060324,0.7919301235605637,0.013124414022254078
1703081010.3051627,975225,1703081010,304848075,optitrack_world,0.3179854763084478,0.08506813067859101,-0.2681559988992795,-0.4440058362653352,-0.41930134122723334,0.7917595086229419,0.012731186610884388
1703081010.3153756,975226,1703081010,315053465,optitrack_world,0.31796543002011823,0.08510794761592119,-0.2681329889800522,-0.4438908491412914,-0.419455435603942,0.7917356981298136,0.013139098059870418
1703081010.325459,975227,1703081010,325184287,optitrack_world,0.3179622694632353,0.08510488657289252,-0.2681566120918937,-0.4439659064276428,-0.4194840142472905,0.7916791925905763,0.013095485481411255
1703081010.3355646,975228,1703081010,335357219,optitrack_world,0.31795500443881447,0.08511764430534904,-0.26814223056009545,-0.4440168070814845,-0.41934665660706016,0.7917220341943312,0.013178664303875712
1703081010.3457735,975229,1703081010,345500746,optitrack_world,0.3179856877645002,0.0851103165544117,-0.26812789509179696,-0.44397154161310265,-0.4191935740601835,0.7918322138385447,0.012952329206892196
1703081010.3559449,975230,1703081010,355698927,optitrack_world,0.3179800033823701,0.08517859391231392,-0.2680949997101594,-0.4438158841299015,-0.4192920103238072,0.7918602624769843,0.013378930543801773
1703081010.3660772,975231,1703081010,365838005,optitrack_world,0.31796875879839237,0.08513806663236952,-0.26811590878353386,-0.44398145081457313,-0.41924665828265606,0.7917937522544913,0.013242535337537525
1703081010.376216,975232,1703081010,376019695,optitrack_world,0.3179197819992089,0.08510608773699274,-0.26820896397387733,-0.44440061078616283,-0.41975240697015287,0.7912839703747228,0.013626892663537477
1703081010.3863435,975233,1703081010,386159066,optitrack_world,0.31791263174163,0.08521714958469666,-0.2681837668362242,-0.4446279259227506,-0.4192098225780151,0.7914405217878804,0.01382145491146705
1703081010.3965402,975234,1703081010,396341403,optitrack_world,0.3179605631032171,0.08511726973952943,-0.26814661585031824,-0.4439607331358252,-0.41943770969176686,0.7917060845542211,0.013128244431383301
1703081010.406739,975235,1703081010,406525042,optitrack_world,0.3179006120034742,0.0851931938887135,-0.26820134083024616,-0.44462456259370914,-0.4192695567860666,0.791412360504284,0.01372999387491371
1703081010.4170163,975236,1703081010,416710841,optitrack_world,0.3179704969496884,0.08516107808826472,-0.26810917452077343,-0.4440680710350419,-0.4189240899344973,0.7919175945271528,0.013140724412983387
1703081010.4272366,975237,1703081010,426911210,optitrack_world,0.3179573372961098,0.0852074920808004,-0.268110995719797,-0.44418786831563295,-0.4187733416243586,0.7919272193506247,0.013315601284579497
1703081010.437261,975238,1703081010,437050699,optitrack_world,0.3179573372961098,0.0852074920808004,-0.268110995719797,-0.44418786831563295,-0.4187733416243586,0.7919272193506247,0.013315601284579497
1703081010.4475412,975239,1703081010,447228659,optitrack_world,0.31798255388892815,0.08514046657431197,-0.2680967670353155,-0.44390103270808423,-0.4189318900330496,0.7920121626225302,0.012832728938765806
1703081010.4575572,975240,1703081010,457364863,optitrack_world,0.31790448660374626,0.0851718586735209,-0.26820207831593323,-0.4446046856464065,-0.41932688504752175,0.7913942304551596,0.013667808159630989
1703081010.4678822,975241,1703081010,467553992,optitrack_world,0.31796608838243967,0.08521916461188325,-0.268115158488917,-0.4441525009482804,-0.41881782485317265,0.791924384161172,0.01326481276134364
1703081010.477984,975242,1703081010,477697069,optitrack_world,0.31790326159060295,0.08523209310971147,-0.2681868341857837,-0.4446680234872984,-0.4191489881774995,0.7914482205207449,0.013935165310255581
1703081010.488105,975243,1703081010,487833917,optitrack_world,0.31790326159060295,0.08523209310971147,-0.2681868341857837,-0.4446680234872984,-0.4191489881774995,0.7914482205207449,0.013935165310255581
1703081010.4983866,975244,1703081010,498051597,optitrack_world,0.3179766187113039,0.08512347439750591,-0.26811923078063776,-0.4439938743689587,-0.41910501296985025,0.7918661218296821,0.012979704341854565
1703081010.5085208,975245,1703081010,508190182,optitrack_world,0.31799198551438945,0.08509813250982391,-0.26812026117491433,-0.4438977673974068,-0.41912160679955796,0.7919138282542879,0.012819494256497588
1703081010.5185845,975246,1703081010,518371716,optitrack_world,0.31799198551438945,0.08509813250982391,-0.26812026117491433,-0.4438977673974068,-0.41912160679955796,0.7919138282542879,0.012819494256497588
1703081010.5288074,975247,1703081010,528561161,optitrack_world,0.3179686929634631,0.08516163916858344,-0.2681268548527972,-0.4441260930557982,-0.4190252070495412,0.7918300061670284,0.013233694027198813
1703081010.5389237,975248,1703081010,538702623,optitrack_world,0.3179686929634631,0.08516163916858344,-0.2681268548527972,-0.4441260930557982,-0.4190252070495412,0.7918300061670284,0.013233694027198813
1703081010.549149,975249,1703081010,548958523,optitrack_world,0.31796441811103127,0.08512728064415644,-0.26814158254840387,-0.4440995603737642,-0.4191341038722709,0.7917915397373264,0.012974630916206157
1703081010.5593889,975250,1703081010,559094133,optitrack_world,0.3179772984452525,0.08506582182081117,-0.26813508865743146,-0.443936244260606,-0.41940216538686387,0.7917426365918362,0.01288534451247105
1703081010.5694566,975251,1703081010,569234545,optitrack_world,0.3179022459619676,0.08529695314981041,-0.2681541671228157,-0.4445742279530799,-0.41903524659607483,0.7915590931490073,0.01405062287625171
1703081010.5797257,975252,1703081010,579420271,optitrack_world,0.3179614087852588,0.08510243048911811,-0.26815190932796423,-0.443982658342406,-0.4195095897878296,0.7916557345359105,0.013126353022275303
1703081010.5898094,975253,1703081010,589557379,optitrack_world,0.31797255884579634,0.08506280183408388,-0.2681530833994428,-0.44387115712266817,-0.4196336957562757,0.7916533416042568,0.013074554957120146
1703081010.6000679,975254,1703081010,599738925,optitrack_world,0.31798687061022907,0.08512886197370645,-0.26807810767306145,-0.443817856475341,-0.41899568853508656,0.7920223792114637,0.012995156438264993
1703081010.6101239,975255,1703081010,609877727,optitrack_world,0.3179756897138426,0.08509540289721597,-0.26813887215295706,-0.4438623769762952,-0.41964383078829876,0.791649708373594,0.013265926966427475
1703081010.6203332,975256,1703081010,620062466,optitrack_world,0.31792059337529865,0.08517075731589746,-0.26817644649921807,-0.4443896584878755,-0.41932228436661745,0.7915177246510229,0.01365081777251696
1703081010.6305633,975257,1703081010,630258927,optitrack_world,0.3179624272624387,0.0851009738158166,-0.2681518740209732,-0.4439684309694831,-0.4195301638775172,0.7916515581188749,0.013201682747152216
1703081010.640689,975258,1703081010,640405264,optitrack_world,0.31796899406104606,0.085085102089016,-0.268141450155251,-0.4440684705198342,-0.4191530086810703,0.7917989462041627,0.012976039216916065
1703081010.6508858,975259,1703081010,650587821,optitrack_world,0.31798868561639393,0.08502070377179048,-0.26813825620971266,-0.4437147669460612,-0.41961847096768057,0.7917510370457084,0.01295529829041775
1703081010.6611273,975260,1703081010,660773662,optitrack_world,0.3178839260521795,0.08530604142587181,-0.26816679899493606,-0.44465848505195693,-0.41894127981225027,0.7915622951291938,0.014006022646539135
1703081010.6711798,975261,1703081010,670963003,optitrack_world,0.31790875756786896,0.08520636726499164,-0.26817284371413214,-0.4444632624379676,-0.4192228987696664,0.7915262797028922,0.013810069871485793
1703081010.6813703,975262,1703081010,681110703,optitrack_world,0.31791483388530895,0.08518120633749192,-0.26820601342263606,-0.4445104209218901,-0.41941317787090054,0.7914017595266843,0.013650162568434925
1703081010.6915371,975263,1703081010,691296629,optitrack_world,0.31791483388530895,0.08518120633749192,-0.26820601342263606,-0.4445104209218901,-0.41941317787090054,0.7914017595266843,0.013650162568434925
1703081010.7016444,975264,1703081010,701441522,optitrack_world,0.3179590122496866,0.08514311963108191,-0.2681437457782753,-0.4440263836509566,-0.41935241493183306,0.7917131917597714,0.013203965550121237
1703081010.7117827,975265,1703081010,711578515,optitrack_world,0.3179090651815764,0.08517091138050827,-0.26821175069500586,-0.4445554746462628,-0.41946929668488925,0.791348267496111,0.013559448057493
1703081010.7219112,975266,1703081010,721711986,optitrack_world,0.3179619041152808,0.08512847249347992,-0.26813225161630283,-0.44394710478117844,-0.41934201870609705,0.7917618783128577,0.013280344664209558
1703081010.7322025,975267,1703081010,731901142,optitrack_world,0.31795682637072387,0.08521465659053187,-0.26811513472224163,-0.44421471803971396,-0.4188050573354083,0.7918952903551211,0.013321311518061797
1703081010.742296,975268,1703081010,742084226,optitrack_world,0.31795682637072387,0.08521465659053187,-0.26811513472224163,-0.44421471803971396,-0.4188050573354083,0.7918952903551211,0.013321311518061797
1703081010.752492,975269,1703081010,752268309,optitrack_world,0.3179558909878762,0.08512989711273689,-0.26815217210736986,-0.44402023849927286,-0.4195608723835874,0.7916025142236081,0.013422430578486662
1703081010.7627366,975270,1703081010,762406172,optitrack_world,0.31794843169453757,0.08519539903014486,-0.2681058972696685,-0.4439588016843723,-0.4190682698246374,0.7919001491023916,0.01328613882099669
1703081010.7729144,975271,1703081010,772588789,optitrack_world,0.31794843169453757,0.08519539903014486,-0.2681058972696685,-0.4439588016843723,-0.4190682698246374,0.7919001491023916,0.01328613882099669
1703081010.7831092,975272,1703081010,782771617,optitrack_world,0.31789744744263326,0.08529749060236877,-0.2681785347548392,-0.44463198984546637,-0.4189397491171443,0.7915798150447599,0.013902396535446478
1703081010.7932954,975273,1703081010,792957019,optitrack_world,0.31789744744263326,0.08529749060236877,-0.2681785347548392,-0.44463198984546637,-0.4189397491171443,0.7915798150447599,0.013902396535446478
1703081010.8034325,975274,1703081010,803141358,optitrack_world,0.3179743503314435,0.08516482384820531,-0.2681006483807062,-0.44391037465348004,-0.41924932045531266,0.7918300937461819,0.013367468372073378
1703081010.8136683,975275,1703081010,813325024,optitrack_world,0.31795224049249615,0.08516477912612594,-0.26816180883212243,-0.4442946989733161,-0.41914915406472714,0.7916657087110192,0.013476377930073214
1703081010.823845,975276,1703081010,823506309,optitrack_world,0.31796409852720176,0.08515693672913702,-0.26813041424068135,-0.4441497165136916,-0.41898709100073783,0.791838646854586,0.013130279625538156
1703081010.833988,975277,1703081010,833689171,optitrack_world,0.31796780654167617,0.0852268698356243,-0.2680810684402735,-0.4441164416439643,-0.4186106933679608,0.7920525371564281,0.013358594370797726
1703081010.844202,975278,1703081010,843874122,optitrack_world,0.3179094910202353,0.08520212682626924,-0.268176846401126,-0.44457307330648405,-0.41905991486957217,0.7915542743233406,0.01361620508012834
1703081010.8543968,975279,1703081010,854061227,optitrack_world,0.3179905405669774,0.08510540597195396,-0.2680969791954731,-0.44378562824604084,-0.4191888110558151,0.7919400291788983,0.012885923793217124
1703081010.8645773,975280,1703081010,864245221,optitrack_world,0.3179731659455225,0.08514337946887228,-0.2681189477024818,-0.4440349260096277,-0.41906735612312057,0.791861675474749,0.013062252100053764
1703081010.8747208,975281,1703081010,874432088,optitrack_world,0.3179604151695834,0.08516031204369272,-0.2681242655680225,-0.4441172873925198,-0.419061147354336,0.791816470252209,0.01320103232744032
1703081010.8849592,975282,1703081010,884617422,optitrack_world,0.31797209638310253,0.08514006417941118,-0.26811682903056233,-0.44386390142457643,-0.41938601357828253,0.7917852374893817,0.013279545208858786
1703081010.8950136,975283,1703081010,894799545,optitrack_world,0.3179884338222999,0.08504669009529076,-0.26813328599289427,-0.4437128127476818,-0.4196267776150927,0.7917489944104992,0.012877777831506888
1703081010.9051986,975284,1703081010,904965123,optitrack_world,0.3179685612707893,0.08520334277562114,-0.2681021250455818,-0.4440889026881373,-0.4187624026730886,0.7919906385148434,0.01318806739286533
1703081010.9154267,975285,1703081010,915106770,optitrack_world,0.3179727280910629,0.08510936229190412,-0.26812333630176255,-0.44386441281690436,-0.4193343717576201,0.7918152922270058,0.01310002644303348
1703081010.9254558,975286,1703081010,925245680,optitrack_world,0.31796203335181655,0.08504798592369474,-0.26817489122529453,-0.4439330362381008,-0.41964319226751534,0.7916174891787755,0.012837497662764277
1703081010.9356427,975287,1703081010,935434741,optitrack_world,0.3179624136790319,0.08514692611063499,-0.2681366102885911,-0.4439868459703515,-0.4192340863509012,0.7917985045670929,0.013175341063511745
1703081010.9458404,975288,1703081010,945574634,optitrack_world,0.3179624136790319,0.08514692611063499,-0.2681366102885911,-0.4439868459703515,-0.4192340863509012,0.7917985045670929,0.013175341063511745
1703081010.9561076,975289,1703081010,955761440,optitrack_world,0.3179746076869955,0.08511156324983425,-0.26814082662944344,-0.44407370355625647,-0.41928808533592765,0.7917209894210431,0.013187957208240899
1703081010.9661565,975290,1703081010,965904477,optitrack_world,0.3179740759434323,0.08513735187177564,-0.26812335985287694,-0.443996849463014,-0.41920183714326853,0.7918111827909906,0.013102221558141553
1703081010.976352,975291,1703081010,976088682,optitrack_world,0.3179548256792969,0.08514627295697227,-0.26813368828640705,-0.4440276778088825,-0.41935633627560137,0.791706579841793,0.013430413261185534
1703081010.9865308,975292,1703081010,986284343,optitrack_world,0.3179548256792969,0.08514627295697227,-0.26813368828640705,-0.4440276778088825,-0.41935633627560137,0.791706579841793,0.013430413261185534
1703081010.9966896,975293,1703081010,996470104,optitrack_world,0.31795762536625355,0.08514383250838567,-0.26813866760994637,-0.44402261269974014,-0.4192821834734315,0.7917518733014882,0.01324164478576742
1703081011.0068896,975294,1703081011,6657995,optitrack_world,0.31791177817339766,0.08522499235199298,-0.2681535187833828,-0.44441287218950515,-0.41923925162679404,0.7915450531185014,0.013859213949901404
1703081011.017033,975295,1703081011,16802138,optitrack_world,0.31791177817339766,0.08522499235199298,-0.2681535187833828,-0.44441287218950515,-0.41923925162679404,0.7915450531185014,0.013859213949901404
